id,mean_fare,std_fare,batas_min_fare,batas_max_fare
1,84.15468749999992,78.38037264672882,-150.98643044018655,319.29580544018637
2,20.66218315217391,13.417398756149339,-19.590013116274108,60.91437942062193
3,13.675550101832997,11.778141704387311,-21.658875011328938,49.00997521499493
